Datum,Dauer,Anmeldename
1610177475,8.6,sl42guc
1608514285,1.2000000000000002,hy09gpc
1601168934,1.3000000000000003,fk41yso
1614795473,11.0,nc15pqm
1612270777,8.7,nw04yrv
1603868043,9.2,go97oue
1601341290,2.2,nc15pqm
1604864825,9.700000000000001,co78pzt
1616168482,10.4,so31fnc
1603067759,2.0,nc15pqm
1616622625,9.6,lt74twe
1608744236,4.2,go97oue
1598986257,7.0,yz05txs
1615568893,9.6,xz47nbh
1609860123,3.6,xz47nbh
1604985741,11.0,gt89ltp
1601783297,3.6,lt74twe
1606784639,6.7,lt74twe
1612516159,10.200000000000001,et65pcg
1613827909,2.5000000000000004,mh78ife
1600764976,1.1,cv41vfn
1600828318,9.5,gt89ltp
1599737092,6.1,fk41yso
1614957277,5.8,oj36aei
1608442514,8.0,xc47mjc
1604545271,10.5,ma46doz
1610214485,3.4000000000000004,uc78smr
1606183622,8.5,xz47nbh
1605189376,2.2,ea21hlc
1600623250,2.9000000000000004,ij09uzl
1614783454,5.3,xz47nbh
1611029313,7.9,wl30fow
1599812340,2.8000000000000003,ds63tnu
1605170002,9.8,go97oue
1604248086,5.1,ea21hlc
1611265910,3.2,yq34cba
1599247110,6.4,hy09gpc
1616137493,10.0,dn05ezt
1612637307,8.4,ds63tnu
1609600702,7.8,gm16pst
1604065121,8.8,xw05opi
1607549360,7.9,ld78hkb
1601699477,9.2,nq89qzh
1602729515,2.2,ds63tnu
1616657205,8.1,xw05opi
1602920471,8.2,xz47nbh
1605406447,7.6,ya76zaf
1601271301,0.6,ra75xih
1605249593,1.3000000000000003,dn05ezt
1601360354,10.700000000000001,cv41vfn
1599966864,6.9,hm27lws
1599939020,1.4000000000000001,so31fnc
1611417628,2.2,nq89qzh
1612301217,1.7000000000000002,gt89ltp
1614299370,4.9,hm27lws
1599714524,2.4000000000000004,yq34cba
1600924735,4.3,gt89ltp
1610428665,3.8000000000000003,ld78hkb
1601737147,10.6,ya76zaf
1607283492,6.5,gm16pst
1600863538,6.4,gc60vbp
1599047748,7.6,ij09uzl
1600086748,6.7,hm27lws
1600363632,1.5000000000000002,sw94zvt
1607597339,3.5000000000000004,al91psm
1607086836,5.7,ds63tnu
1610605338,7.8,hm27lws
1616283777,0.7000000000000001,vw19bdy
1612592077,7.2,ch86uix
1616562065,8.7,hy09gpc
1602218238,9.2,br04psh
1611452839,3.9000000000000004,gm16pst
1613927773,6.3,fk41yso
1600022053,7.0,nc15pqm
1609599204,10.5,cl54pgs
1609033472,0.6,cl54pgs
1601183617,3.3000000000000003,zr84bsn
1599470489,3.6,ra75xih
1601310428,1.3000000000000003,hm27lws
1616790760,4.3999999999999995,nw04yrv
1606471259,2.4000000000000004,mw01sfh
1603614055,9.8,xw05opi
1609853642,8.0,nw04yrv
1614069583,2.6,so31fnc
1612240890,2.5000000000000004,sl42guc
1615598717,4.3999999999999995,gt89ltp
1606692100,6.8,et65pcg
1600396697,6.6,al91psm
1599879803,6.1,xz47nbh
1603691252,2.9000000000000004,dn05ezt
1609088766,8.7,oj36aei
1603112002,7.6,br04psh
1615680990,6.7,nc15pqm
1609251386,4.7,sl42guc
1598950199,2.8000000000000003,uf73hot
1614155337,10.0,gt89ltp
1599321595,3.3000000000000003,cv41vfn
1602103106,3.9000000000000004,so31fnc
1615700493,8.0,ds63tnu
1601029554,9.0,fk41yso
1614344437,7.4,oj36aei
1603272612,2.1,ma46doz
1613205289,6.5,ld78hkb
1599554404,1.1,go97oue
1612801807,7.7,gt89ltp
1612113694,5.5,rw21kiz
1604887038,8.6,ch86uix
1604339857,1.5000000000000002,qf08ejm
1599381889,5.2,hm27lws
1612735968,9.5,rw21kiz
1609366443,2.5000000000000004,wl30fow
1602840964,4.8,mh78ife
1600455807,3.0000000000000004,al91psm
1605622371,10.3,xz47nbh
1614744193,4.6,et65pcg
1612257895,8.8,rw21kiz
1602169007,8.9,ya76zaf
1608471171,10.6,xz47nbh
1615849529,10.9,ea21hlc
1609836797,5.7,gt89ltp
1615388983,8.4,uc78smr
1599352794,2.5000000000000004,vw19bdy
1606406610,3.8000000000000003,lt74twe
1606342262,7.0,lt74twe
1600840798,3.8000000000000003,nq89qzh
1612734858,3.5000000000000004,ad63qeu
1612132022,4.5,xz47nbh
1612421356,7.0,nw04yrv
1607976026,9.9,fk41yso
1603544052,5.8,ya76zaf
1611112902,0.7000000000000001,so31fnc
1606933911,6.0,rw21kiz
1601764286,4.3999999999999995,sl42guc
1615649894,7.7,cv41vfn
1601243756,0.7000000000000001,hm27lws
1600279126,1.1,fp30cuj
1599797555,7.7,br04psh
1613710656,7.4,vw19bdy
1615251917,8.3,go97oue
1599930762,5.6,rw21kiz
1603341246,1.8000000000000003,ld78hkb
1614629593,3.2,nc15pqm
1610195794,4.8,ds63tnu
1610730748,10.200000000000001,go97oue
1615378813,7.1,so31fnc
1616044519,1.6,xz47nbh
1603310753,0.9,vw19bdy
1603901449,2.9000000000000004,ov37vdm
1600003964,10.0,go97oue
1609203300,6.9,po57sqt
1615480079,6.0,ra75xih
1602760676,7.9,ij09uzl
1605768492,2.7,yq34cba
1603390667,4.5,oj36aei
1608494701,3.1,ds63tnu
1603433775,6.9,cv41vfn
1605565100,3.9000000000000004,qf08ejm
1605247439,1.8000000000000003,gt89ltp
1606058800,9.2,nw04yrv
1602852429,10.4,rw21kiz
1609975814,7.3,ij09uzl
1602285319,5.8,yq34cba
1610260814,5.2,go97oue
1598966694,0.1,sw94zvt
1611528591,7.2,mw01sfh
1604354099,6.9,uf73hot
1602552818,2.4000000000000004,yq34cba
1604908820,0.9,xz47nbh
1604558223,7.8,xc47mjc
1602915410,7.2,ch86uix
1613407691,9.700000000000001,mh78ife
1602412144,6.9,so31fnc
1614974369,5.6,et65pcg
1600155509,4.3999999999999995,po57sqt
1615421536,4.8,nc15pqm
1607289640,2.3000000000000003,ld78hkb
1613369845,6.3,mh78ife
1600611091,6.9,ma46doz
1609817648,8.9,gm16pst
1602008074,5.2,gc60vbp
1616840196,3.6,mw01sfh
1613939897,1.6,so31fnc
1615776677,1.0,vs72pks
1607209891,5.5,go97oue
1600294285,0.1,vw19bdy
1602836390,1.3000000000000003,hy09gpc
1609274618,2.6,rw21kiz
1616807248,6.8,yq34cba
1610487442,6.6,nc15pqm
1605814755,4.2,fp30cuj
1607300366,0.30000000000000004,uc78smr
1611638728,4.3,mh78ife
1612683891,9.9,mh78ife
1607642153,7.0,ma46doz
1601544868,9.4,mw01sfh
1602437018,4.9,xw05opi
1611775803,7.8,ov37vdm
1608962926,1.8000000000000003,xc47mjc
1612650885,9.9,xw05opi
1604844413,5.4,xw05opi
1613775291,8.3,ds63tnu
1603657315,3.7,fp30cuj
1615164615,10.8,al91psm
1615918670,2.2,sw94zvt
1606983423,2.7,br04psh
1615311243,7.6,xc47mjc
1606155972,2.3000000000000003,rw21kiz
1602382710,0.1,et65pcg
1604303456,3.2,vw19bdy
1615847002,8.0,nw04yrv
1608738051,4.8,co78pzt
1616911667,6.5,sl42guc
1600420065,3.8000000000000003,ra75xih
1609725620,5.2,ea21hlc
1611699931,6.1,xw05opi
1606843995,10.5,ld78hkb
1614659110,9.1,xw05opi
1600529310,6.2,vw19bdy
1616097709,5.2,yz05txs
1599815797,8.6,dn05ezt
1613283357,5.9,ra75xih
1613578008,10.4,ld78hkb
1611311688,0.6,go97oue
1616007839,0.4,po57sqt
1607306026,9.6,ov37vdm
1615629637,3.1,uf73hot
1610708361,5.9,cl54pgs
1608205805,0.6,nw04yrv
1607894746,3.1,yz05txs
1605096187,10.6,cv41vfn
1607516842,10.700000000000001,uf73hot
1611340721,10.0,qf08ejm
1603750787,7.8,po57sqt
1603283976,8.5,ch86uix
1599420479,0.9,fp30cuj
1613883143,2.1,hm27lws
1598970053,3.8000000000000003,hm27lws
1611634795,4.5,gt89ltp
1602294716,6.2,ea21hlc
1615347336,7.3,ma46doz
1601472372,10.6,ea21hlc
1611983370,10.8,tu40nkm
1615319211,1.9000000000000001,co78pzt
1615898721,5.4,ij09uzl
1603018252,8.0,cv41vfn
1602128185,7.3,ea21hlc
1600812612,4.8,ma46doz
1604369833,1.5000000000000002,uf73hot
1601594505,7.3,fk41yso
1608954569,0.30000000000000004,cv41vfn
1603974991,1.3000000000000003,sw94zvt
1614998713,2.3000000000000003,nq89qzh
1611541173,8.6,dn05ezt
1615166768,9.4,uf73hot
1615735567,4.0,nq89qzh
1609196029,3.1,yz05txs
1614841769,7.5,zr84bsn
1604396193,7.5,ra75xih
1605490340,6.8,nc15pqm
1607908431,10.0,rw21kiz
1612304577,7.6,hy09gpc
1609500824,6.8,mh78ife
1616584503,7.5,mh78ife
1611877720,4.7,xz47nbh
1615322360,5.0,ad63qeu
1610415711,3.9000000000000004,ij09uzl
1606294282,5.3,cl54pgs
1609046066,6.3,qf08ejm
1605380993,10.0,oj36aei
1611025944,0.7000000000000001,yq34cba
1599816373,6.1,go97oue
1612840690,3.3000000000000003,xz47nbh
1603807829,8.4,nw04yrv
1614749110,8.7,cv41vfn
1611879242,10.200000000000001,ds63tnu
1601596723,8.3,al91psm
1612224897,8.3,tu40nkm
1600387950,3.8000000000000003,zr84bsn
1615570877,4.3,ds63tnu
1612146471,1.3000000000000003,ch86uix
1614451114,0.4,ov37vdm
1614510204,3.0000000000000004,yq34cba
1607110709,7.9,xz47nbh
1608106516,3.9000000000000004,mw01sfh
1615706610,9.9,vs72pks
1614737612,8.6,yq34cba
1604593608,1.2000000000000002,ma46doz
1608707432,7.3,ad63qeu
1612691478,2.2,br04psh
1611581034,7.7,ya76zaf
1604085964,1.2000000000000002,oj36aei
1615671740,3.5000000000000004,lt74twe
1608760202,8.7,cv41vfn
1602776520,4.7,xz47nbh
1606061054,8.2,xc47mjc
1610367317,10.4,yz05txs
1612665922,0.9,fk41yso
1614854484,3.2,gc60vbp
1605157554,0.30000000000000004,po57sqt
1616665956,6.7,go97oue
1612691764,8.7,cl54pgs
1601074715,10.9,uf73hot
1613823915,9.3,uc78smr
1611732808,1.1,rw21kiz
1608848833,5.3,xw05opi
1610934344,6.0,fk41yso
1609482391,1.6,tu40nkm
1606735919,4.9,vw19bdy
1606927288,1.5000000000000002,gm16pst
1605077195,8.5,so31fnc
1599534373,0.30000000000000004,dn05ezt
1615978642,8.6,ds63tnu
1604708427,3.2,nc15pqm
1606980354,5.1,ra75xih
1604662082,6.9,ld78hkb
1616537519,10.8,oj36aei
1604243849,2.7,qf08ejm
1608880113,9.0,hm27lws
1602370963,0.6,gc60vbp
1611706752,4.2,al91psm
1616003162,4.3999999999999995,ds63tnu
1609807827,1.5000000000000002,ij09uzl
1608290872,1.1,cv41vfn
1610283954,0.2,gm16pst
1609284785,10.5,ya76zaf
1613629766,0.7000000000000001,xz47nbh
1604016805,1.8000000000000003,fp30cuj
1613019213,10.9,oj36aei
1607762255,8.1,xz47nbh
1616744725,6.0,oj36aei
1604941163,9.4,go97oue
1610677915,7.9,sw94zvt
1612848685,7.1,hy09gpc
1607783836,6.1,al91psm
1603598694,2.2,vw19bdy
1599902060,3.7,ya76zaf
1611151908,2.7,br04psh
1605020803,9.4,ds63tnu
1616158150,7.2,go97oue
1612376750,10.9,mh78ife
1610416121,7.9,tu40nkm
1614128000,0.30000000000000004,po57sqt
1604591709,7.9,mw01sfh
1611396324,2.3000000000000003,zr84bsn
1604316204,4.1,ij09uzl
1607964959,6.0,xz47nbh
1604866981,10.0,ra75xih
1600808195,3.5000000000000004,yq34cba
1616429390,7.4,hy09gpc
1608564721,10.4,wl30fow
1600646253,7.2,ds63tnu
1615950681,10.3,nw04yrv
1604473007,8.8,ds63tnu
1616514631,3.9000000000000004,ch86uix
1607330140,3.3000000000000003,gc60vbp
1614554780,5.6,vs72pks
1615050789,2.5000000000000004,uc78smr
1608017042,0.2,al91psm
1614408217,4.7,lt74twe
1603857949,7.7,tu40nkm
1614572706,9.3,hy09gpc
1616339551,10.0,ya76zaf
1600358193,8.0,po57sqt
1615309058,9.700000000000001,vw19bdy
1609528066,3.4000000000000004,hm27lws
1602524754,9.3,gc60vbp
1608167983,5.4,dn05ezt
1599852552,6.8,cv41vfn
1605247039,2.1,mw01sfh
1615000814,1.6,fk41yso
1600503643,3.9000000000000004,ov37vdm
1612566888,6.6,ya76zaf
1610130368,6.4,uc78smr
1600989791,6.0,sw94zvt
1600784359,10.700000000000001,nw04yrv
1609908338,7.3,ds63tnu
1600079889,2.8000000000000003,fp30cuj
1601949754,8.8,dn05ezt
1599192433,2.4000000000000004,gm16pst
1603355859,5.0,ea21hlc
1612222692,6.4,ea21hlc
1612455283,9.4,lt74twe
1612906192,1.6,ra75xih
1616483419,5.8,hy09gpc
1615129040,10.1,fk41yso
1611580676,5.1,gm16pst
1615731310,3.4000000000000004,mh78ife
1616585902,8.7,br04psh
1608531658,6.4,ov37vdm
1616858195,0.4,oj36aei
1599978020,2.5000000000000004,gt89ltp
1606143136,2.8000000000000003,vs72pks
1616702779,5.3,mw01sfh
1610941699,10.9,wl30fow
1607170243,10.8,fk41yso
1608052756,0.7000000000000001,vs72pks
1601130819,9.0,ya76zaf
1610179925,7.3,cl54pgs
1613505938,9.9,xz47nbh
1600568609,6.1,ea21hlc
1608350426,7.2,ya76zaf
1600791262,2.0,so31fnc
1600763386,9.8,mw01sfh
1601076577,6.6,lt74twe
1609438186,9.0,zr84bsn
1612830505,4.6,br04psh
1607239940,6.9,ra75xih
1611629300,3.9000000000000004,tu40nkm
1611907021,4.0,wl30fow
1615263673,5.1,al91psm
1609639838,7.4,ij09uzl
1614843490,4.0,qf08ejm
1612220208,7.4,fk41yso
1611726046,9.3,xz47nbh
1615519644,3.7,al91psm
1616519188,1.9000000000000001,ld78hkb
1611790327,3.5000000000000004,po57sqt
1609419078,5.6,cl54pgs
1602394442,5.5,uf73hot
1616681717,6.2,nq89qzh
1600272690,6.6,et65pcg
1604738826,6.5,so31fnc
1608171616,8.0,ld78hkb
1613652280,7.4,ra75xih
1602852101,7.9,sw94zvt
1606717389,10.9,go97oue
1600466006,7.0,gm16pst
1608490334,10.6,nw04yrv
1610362867,7.1,lt74twe
1601236963,1.3000000000000003,gt89ltp
1604638895,1.2000000000000002,xc47mjc
1601126448,2.1,sl42guc
1608623706,3.2,et65pcg
1609506347,5.4,sl42guc
1610988560,5.9,yz05txs
1610679770,6.0,gt89ltp
1616078248,4.9,nw04yrv
1614174896,10.9,go97oue
1602642659,7.5,ad63qeu
1612614967,7.1,ij09uzl
1611132896,1.9000000000000001,mh78ife
1599245749,7.3,xc47mjc
1601303310,11.0,co78pzt
1612784274,11.0,vs72pks
1615719647,10.8,ch86uix
1614261617,5.3,nq89qzh
1599985777,10.5,uf73hot
1613576451,8.6,cv41vfn
1604887483,5.8,lt74twe
1607165466,6.9,ad63qeu
1606906559,10.5,gt89ltp
1605233042,4.6,sl42guc
1613544470,11.0,mh78ife
1601556677,11.0,nw04yrv
1605272989,3.9000000000000004,cl54pgs
1599078094,8.2,tu40nkm
1609227775,1.4000000000000001,oj36aei
1603625302,2.0,oj36aei
1605747772,1.0,sw94zvt
1611685966,2.9000000000000004,ij09uzl
1606891924,9.6,gt89ltp
1609918836,1.9000000000000001,br04psh
1605236288,10.1,gt89ltp
1611869803,2.2,al91psm
1608225581,5.2,co78pzt
1601155216,8.4,ya76zaf
1615742278,9.3,mw01sfh
1616115061,0.7000000000000001,gm16pst
1600004265,0.4,mh78ife
1609341468,0.8,ra75xih
1612184926,1.2000000000000002,qf08ejm
1602630894,5.4,ad63qeu
1600573403,9.700000000000001,hm27lws
1612038241,6.0,dn05ezt
1600850347,3.2,wl30fow
1604918151,10.200000000000001,po57sqt
1600133894,5.4,yq34cba
1605090288,3.3000000000000003,nw04yrv
1608152715,4.3999999999999995,et65pcg
1605252945,6.9,sl42guc
1605969946,5.3,dn05ezt
1605702117,0.9,nc15pqm
1606837555,6.0,rw21kiz
1608911308,10.3,gt89ltp
1601587347,3.6,po57sqt
1613870657,9.0,ya76zaf
1615360526,0.6,vw19bdy
1610789890,7.4,ch86uix
1607464673,1.7000000000000002,et65pcg
1613175845,7.1,xc47mjc
1616457532,3.8000000000000003,qf08ejm
1601209308,3.4000000000000004,gt89ltp
1608616453,8.9,ad63qeu
1605420591,1.0,cl54pgs
1616048477,6.8,gc60vbp
1604731823,7.0,co78pzt
1607654472,4.5,hm27lws
1609533320,9.5,ov37vdm
1608960152,8.5,oj36aei
1599581211,4.0,co78pzt
1608968121,1.6,sw94zvt
1607611821,5.6,ma46doz
1613715348,0.7000000000000001,ma46doz
1603992409,9.8,xz47nbh
1611893700,6.5,ds63tnu
1601939645,4.0,ij09uzl
1616118566,2.3000000000000003,po57sqt
1614264413,1.4000000000000001,ra75xih
1609882472,2.1,xc47mjc
1613527449,8.4,nw04yrv
1611428582,9.6,gm16pst
1607906034,5.5,fp30cuj
1604875264,0.6,po57sqt
1610632641,4.9,lt74twe
1600846769,5.0,so31fnc
1606741843,2.2,ov37vdm
1602501308,8.9,sw94zvt
1605198515,5.1,zr84bsn
1604606021,0.5,hy09gpc
1609239817,1.4000000000000001,go97oue
1604659031,4.5,ra75xih
1604883339,10.200000000000001,yq34cba
1615140779,7.1,lt74twe
1605864110,5.9,hy09gpc
1608214060,0.30000000000000004,mh78ife
1610693022,3.3000000000000003,gm16pst
1604633152,3.3000000000000003,yz05txs
1615044499,9.0,zr84bsn
1609538271,8.3,hm27lws
1600688732,8.7,rw21kiz
1599132990,3.9000000000000004,rw21kiz
1609605476,0.8,ds63tnu
1608963517,7.9,go97oue
1599877442,6.8,gc60vbp
1605787298,8.4,po57sqt
1614555348,7.0,vs72pks
1613758269,7.7,nc15pqm
1602563541,8.9,ya76zaf
1606004185,5.5,mw01sfh
1605307246,1.8000000000000003,ma46doz
1611111114,6.9,br04psh
1615513461,4.2,cv41vfn
1615907909,3.4000000000000004,cv41vfn
1605818563,1.8000000000000003,vs72pks
1612660754,9.0,qf08ejm
1607422039,8.1,cv41vfn
1609759307,4.9,vs72pks
1613034891,7.4,nq89qzh
1602749287,2.4000000000000004,so31fnc
1613799326,11.0,uc78smr
1604331221,1.2000000000000002,lt74twe
1608063351,4.7,et65pcg
1612763890,10.8,vw19bdy
1616227189,7.8,uf73hot
1615015324,8.7,ds63tnu
1602583166,5.6,gt89ltp
1608021391,7.1,xz47nbh
1605322493,10.5,dn05ezt
1609480342,10.3,ea21hlc
1601992328,7.5,ds63tnu
1603716353,10.8,gm16pst
1604028983,7.8,ra75xih
1614965500,0.30000000000000004,ad63qeu
1599371615,7.6,hm27lws
1599278260,9.2,hm27lws
1605159384,0.7000000000000001,uf73hot
1601704627,8.8,ch86uix
1606394859,10.0,yq34cba
1615778399,8.5,hy09gpc
1600665885,8.5,mh78ife
1615330741,10.6,cl54pgs
1612045014,9.9,so31fnc
1599881965,10.9,xc47mjc
1605177012,4.8,lt74twe
1600576304,5.0,yq34cba
1599815795,8.6,so31fnc
1611506416,1.2000000000000002,uf73hot
1610464631,8.8,wl30fow
1606392498,1.1,vw19bdy
1610942600,5.9,sl42guc
1611040226,0.2,xc47mjc
1615679020,10.200000000000001,ad63qeu
1601065692,0.7000000000000001,fp30cuj
1616372908,4.7,ya76zaf
1613898934,9.6,xc47mjc
1602657160,8.1,cl54pgs
1603468722,4.8,xc47mjc
1612127063,5.3,uf73hot
1600145317,7.3,ra75xih
1616141207,6.7,ch86uix
1604301215,0.1,fp30cuj
1605266891,1.4000000000000001,po57sqt
1610150453,8.1,ma46doz
1598980671,2.4000000000000004,sw94zvt
1608106271,10.5,br04psh
1602029584,6.1,oj36aei
1602937497,6.3,fp30cuj
1606708993,7.3,gc60vbp
1599940223,0.2,fk41yso
1599080183,8.6,fp30cuj
1612059656,0.2,nq89qzh
1608726493,6.3,fk41yso
1604939908,0.2,ma46doz
1612772360,9.8,rw21kiz
1608651100,6.7,zr84bsn
1616187315,2.0,xw05opi
1611172999,6.1,mw01sfh
1608845076,3.5000000000000004,wl30fow
1615266183,1.6,co78pzt
1613783352,6.9,uf73hot
1606653869,3.8000000000000003,lt74twe
1611288794,11.0,mw01sfh
1599796800,9.6,wl30fow
1599215133,0.7000000000000001,uc78smr
1615751134,8.2,et65pcg
1600518251,8.7,fk41yso
1614105576,10.1,al91psm
1612782477,2.4000000000000004,nc15pqm
1609618368,10.200000000000001,ra75xih
1613443473,3.8000000000000003,xz47nbh
1612389468,3.0000000000000004,cv41vfn
1602635366,5.3,xc47mjc
1608825823,8.5,br04psh
1605215245,3.4000000000000004,gm16pst
1599310899,3.3000000000000003,ds63tnu
1608381932,2.7,br04psh
1615637185,7.8,gm16pst
1613189267,5.0,mh78ife
1606492746,6.5,mh78ife
1611205445,0.5,wl30fow
1608121985,1.7000000000000002,nq89qzh
1614978764,6.1,xz47nbh
1612539382,3.6,gt89ltp
1614147824,4.5,vs72pks
1613983803,1.8000000000000003,yq34cba
1609160764,9.5,mh78ife
1603882587,7.8,cv41vfn
1601858454,0.7000000000000001,so31fnc
1599080598,10.8,sw94zvt
1610445785,6.9,cv41vfn
1616293314,10.6,cl54pgs
1606428254,8.6,yq34cba
1598971547,7.4,et65pcg
1606415069,4.5,gc60vbp
1603213631,7.9,co78pzt
1600821502,3.4000000000000004,mh78ife
1603099878,1.3000000000000003,so31fnc
1612509442,8.5,po57sqt
1601849775,9.8,gm16pst
1612671469,5.7,cv41vfn
1601289350,8.0,ds63tnu
1606410366,5.4,nc15pqm
1599230519,9.3,wl30fow
1603290867,10.1,ya76zaf
1616226112,9.3,qf08ejm
1608157202,10.5,nq89qzh
1614473964,10.200000000000001,rw21kiz
1616559177,7.3,vs72pks
1616427958,5.3,dn05ezt
1607636470,10.0,gt89ltp
1602496393,7.2,xc47mjc
1605431101,2.7,qf08ejm
1601338316,10.4,so31fnc
1601477542,3.1,ij09uzl
1606652240,2.9000000000000004,mh78ife
1609118403,7.4,br04psh
1608564975,2.5000000000000004,fp30cuj
1609384506,9.9,rw21kiz
1600983667,7.6,tu40nkm
1613623283,6.5,po57sqt
1605060250,4.5,sl42guc
1613747828,2.5000000000000004,al91psm
1606546582,9.4,ld78hkb
1610186400,2.8000000000000003,uf73hot
1617053698,0.4,fp30cuj
1605752398,2.5000000000000004,uf73hot
1611819369,2.5000000000000004,mh78ife
1613268005,10.3,nq89qzh
1607077624,3.5000000000000004,ea21hlc
1605474001,0.7000000000000001,ov37vdm
1616939712,4.6,nc15pqm
1611531881,4.1,vw19bdy
1600658983,8.5,vw19bdy
1604030905,2.9000000000000004,xc47mjc
1602609888,2.7,yz05txs
1614421069,9.0,ma46doz
1609931034,4.0,ea21hlc
1603555842,0.30000000000000004,xz47nbh
1616153158,7.4,gt89ltp
1608553734,7.8,ma46doz
1600421718,8.0,ya76zaf
1615135105,8.7,tu40nkm
1607125378,9.4,ov37vdm
1600242660,7.4,yz05txs
1600955565,7.0,uc78smr
1603371403,2.7,gc60vbp
1610309676,9.0,ra75xih
1600618754,3.7,sw94zvt
1603359415,3.3000000000000003,ov37vdm
1607981040,3.2,uf73hot
1606163894,0.9,cv41vfn
1600048068,3.7,hy09gpc
1599518738,5.2,hm27lws
1610226754,3.0000000000000004,nq89qzh
1601443486,5.6,rw21kiz
1613670538,9.5,nw04yrv
1602862767,1.6,dn05ezt
1599456291,8.7,ch86uix
1602454099,9.3,ij09uzl
1614491739,9.8,nc15pqm
1603509155,3.8000000000000003,mw01sfh
1602853838,9.8,xw05opi
1602313852,10.5,vs72pks
1610831775,4.9,nc15pqm
1604869821,9.8,ya76zaf
1600158333,3.4000000000000004,yq34cba
1600727539,1.5000000000000002,gt89ltp
1606243095,5.6,ds63tnu
1605445575,8.7,br04psh
1600698053,4.3,xw05opi
1610873206,4.2,mw01sfh
1610611478,8.9,xz47nbh
1614742269,5.3,cv41vfn
1604185148,6.7,ad63qeu
1606141488,3.8000000000000003,ov37vdm
1613149104,0.8,al91psm
1613064549,6.5,ij09uzl
1602473090,2.1,mh78ife
1602644498,8.2,mh78ife
1612178880,10.5,mh78ife
1605975304,4.6,et65pcg
1612147790,7.2,vs72pks
1608291191,3.9000000000000004,mw01sfh
1610215616,3.3000000000000003,ch86uix
1601163583,4.0,mh78ife
1610937362,4.3,nc15pqm
1607749748,8.6,sw94zvt
1616925177,10.0,yq34cba
1617113907,5.9,br04psh
1610489982,6.9,xz47nbh
1607205195,8.5,yq34cba
1611132883,10.6,co78pzt
1615460999,5.7,gc60vbp
1611612582,6.7,qf08ejm
1604199403,3.9000000000000004,hy09gpc
1603185195,5.9,ya76zaf
1602742036,8.1,so31fnc
1616003051,3.6,nq89qzh
1607748198,4.3,xw05opi
1616128625,3.8000000000000003,xz47nbh
1609073314,2.5000000000000004,lt74twe
1604107985,0.1,al91psm
1616749156,7.8,uf73hot
1599238564,5.9,ea21hlc
1601864617,6.4,et65pcg
1603518780,4.1,uf73hot
1616536557,7.0,ds63tnu
1616189476,5.9,ra75xih
1609334634,6.6,nq89qzh
1613891566,7.1,ld78hkb
1608980933,7.3,tu40nkm
1604165812,4.8,uc78smr
1616703038,9.0,nw04yrv
1608193836,7.0,po57sqt
1600650177,2.2,ld78hkb
1615936268,4.6,qf08ejm
1611045332,4.7,uf73hot
1612191598,1.2000000000000002,wl30fow
1606971292,7.5,xc47mjc
1607871469,7.5,ra75xih
1609885033,10.3,wl30fow
1601954072,10.4,uf73hot
1600767253,7.5,ch86uix
1599078735,0.6,ld78hkb
1615786265,7.3,uf73hot
1614052957,0.7000000000000001,dn05ezt
1599659162,7.7,ij09uzl
1603985984,7.5,rw21kiz
1610911393,6.8,fp30cuj
1613792794,0.6,hy09gpc
1614852903,0.1,hy09gpc
1603360514,8.7,zr84bsn
1609501165,4.1,ov37vdm
1605846958,3.3000000000000003,co78pzt
1612025314,1.2000000000000002,nc15pqm
1609760418,5.2,fk41yso
1612335115,10.700000000000001,ya76zaf
1610861882,7.6,dn05ezt
1607266000,2.3000000000000003,vs72pks
1609230474,7.7,vs72pks
1599578743,2.9000000000000004,gm16pst
1616987913,8.4,nq89qzh
1599466726,4.9,yz05txs
1604209972,7.5,xz47nbh
1614313925,8.0,wl30fow
1600716842,2.4000000000000004,br04psh
1610961032,10.8,ad63qeu
1601996867,7.1,rw21kiz
1610957406,0.5,et65pcg
1615851379,5.5,uc78smr
1617088214,1.5000000000000002,xz47nbh
1601408812,3.1,rw21kiz
1599625368,7.2,po57sqt
1613701878,1.6,nw04yrv
1617129355,1.1,lt74twe
1606259148,1.6,tu40nkm
1614046180,0.4,ch86uix
1615988017,9.1,nw04yrv
1604054351,5.0,po57sqt
1608728228,4.0,yz05txs
1608947668,2.6,mh78ife
1600823397,5.9,hm27lws
1611782762,0.5,sl42guc
1599708025,0.7000000000000001,gm16pst
1610881673,10.0,ma46doz
1614554636,11.0,vs72pks
1614243391,7.7,fk41yso
1607938027,6.1,vw19bdy
1604660719,5.3,hy09gpc
1605726860,2.6,xz47nbh
1606582444,9.5,gm16pst
1604192297,3.1,fk41yso
1613377784,1.6,yq34cba
1605419779,10.5,wl30fow
1607844824,0.4,xc47mjc
1602219902,0.8,br04psh
1608631042,2.3000000000000003,hy09gpc
1614077943,10.700000000000001,gc60vbp
1600434824,8.8,fp30cuj
1604323014,4.7,so31fnc
1610314603,0.2,vs72pks
1612777818,9.5,uc78smr
1598981215,7.3,ij09uzl
1603592582,0.7000000000000001,sl42guc
1617085828,6.5,tu40nkm
1616849390,8.1,gm16pst
1605563828,4.5,sw94zvt
1599240776,0.1,vs72pks
1605395830,4.8,xz47nbh
1602935623,7.9,mw01sfh
1602597892,7.5,ya76zaf
1600793128,2.0,yq34cba
1612751442,8.5,xw05opi
1604723982,8.1,dn05ezt
1602252350,5.4,et65pcg
1615905819,4.6,vw19bdy
1616281011,10.9,ld78hkb
1601522919,0.4,rw21kiz
1612882690,6.5,tu40nkm
1615977225,2.6,nc15pqm
1603369370,9.9,ij09uzl
1615007098,7.5,vs72pks
1606657060,2.8000000000000003,fp30cuj
1605297743,1.5000000000000002,ov37vdm
1611849099,4.0,br04psh
1607050467,4.3999999999999995,al91psm
1612003469,8.2,xz47nbh
1602093520,5.3,ya76zaf
1603866439,1.8000000000000003,yq34cba
1610777318,6.1,ma46doz
1601714214,0.9,xw05opi
1606802391,8.1,mh78ife
1607883780,4.5,al91psm
1614564951,4.0,al91psm
1611644713,4.5,br04psh
1598934265,2.2,sl42guc
1607022270,3.1,ij09uzl
1600545126,1.8000000000000003,yq34cba
1606673628,7.2,vw19bdy
1607851920,6.4,nw04yrv
1602726503,4.3,ya76zaf
1615894793,11.0,ds63tnu
1613536890,8.4,ch86uix
1616115260,9.9,br04psh
1602198137,3.0000000000000004,ad63qeu
1599348275,5.5,uf73hot
1603920783,2.3000000000000003,hm27lws
1607288736,1.8000000000000003,vw19bdy
1604949012,8.5,ra75xih
1599024750,8.6,dn05ezt
1602756881,1.0,qf08ejm
1610463878,1.4000000000000001,ma46doz
1601079292,4.0,rw21kiz
1604636135,2.9000000000000004,zr84bsn
1614042722,7.5,vs72pks
1607111370,8.0,qf08ejm
1602848650,5.5,xz47nbh
1613368941,10.0,xz47nbh
1608770427,9.3,cv41vfn
1615770916,4.1,fp30cuj
1602651902,1.7000000000000002,ij09uzl
1614433750,0.1,lt74twe
1614196464,5.8,mw01sfh
1603076874,7.8,ov37vdm
1600780140,9.3,wl30fow
1607484726,2.1,xc47mjc
1607569162,6.5,ld78hkb
1610785216,4.7,xc47mjc
1603730972,8.3,ds63tnu
1615129624,2.1,gm16pst
1601036647,3.4000000000000004,gt89ltp
1609006257,6.8,cl54pgs
1603615566,0.4,sl42guc
1605293743,9.6,go97oue
1607880490,1.1,ov37vdm
1611013860,7.4,vs72pks
1599693185,4.0,yq34cba
1608921940,9.5,ea21hlc
1617134811,6.5,ov37vdm
1606388321,9.2,mw01sfh
1602584859,1.9000000000000001,ea21hlc
1610245184,1.7000000000000002,ma46doz
1614174900,8.9,po57sqt
1605084229,10.3,fp30cuj
1609332480,6.6,ch86uix
1600952489,4.0,fk41yso
1611746090,10.5,co78pzt
1614184982,4.7,et65pcg
1604810579,7.9,ov37vdm
1602287935,3.2,mw01sfh
1600630481,3.5000000000000004,vs72pks
1601358091,1.4000000000000001,co78pzt
1602471735,6.5,cl54pgs
1606685891,8.4,ld78hkb
1608553532,9.6,sw94zvt
1609467591,8.4,fk41yso
1608297313,1.4000000000000001,mw01sfh
1607406737,7.7,rw21kiz
1606199890,8.9,vs72pks
1599525878,8.6,gc60vbp
1608855693,7.3,vw19bdy
1604796781,2.2,ad63qeu
1600289148,1.1,yz05txs
1610331188,7.3,dn05ezt
1614112353,7.9,fk41yso
1605251381,4.1,nw04yrv
1611668281,1.9000000000000001,ds63tnu
1609627219,0.7000000000000001,zr84bsn
1610369910,5.6,ma46doz
1601819161,2.6,ov37vdm
1612218804,3.6,fp30cuj
1610403169,5.0,xw05opi
1613858539,3.7,ch86uix
1615460558,7.6,gt89ltp
1607466148,4.3999999999999995,xz47nbh
1602953439,4.5,vw19bdy
1602746171,6.5,ma46doz
1605628769,3.8000000000000003,ya76zaf
1606901867,2.3000000000000003,rw21kiz
1599815319,8.1,nc15pqm
1606494918,5.4,gm16pst
1612668567,8.1,mh78ife
1602409390,9.3,xc47mjc
1611298693,9.8,sl42guc
1600989904,5.9,wl30fow
1603841212,4.3999999999999995,nc15pqm
1604511074,9.6,ij09uzl
1601792962,7.1,gm16pst
1600429469,4.3,gm16pst
1605542675,0.2,ma46doz
1604337096,3.5000000000000004,lt74twe
1604097821,4.1,xc47mjc
1604841424,3.0000000000000004,ld78hkb
1609502568,8.8,xw05opi
1607838615,6.2,so31fnc
1607109025,4.6,ma46doz
1605055709,9.4,mw01sfh
1608819885,5.1,gm16pst
1614941814,1.8000000000000003,mw01sfh
1599283824,9.5,ch86uix
1609177772,4.8,vw19bdy
1609680369,6.2,al91psm
1606467749,7.6,hm27lws
1614393988,6.5,ea21hlc
1616193941,10.700000000000001,hm27lws
1608279233,6.9,xc47mjc
1607335154,5.2,br04psh
1605983122,1.5000000000000002,br04psh
1615256885,2.3000000000000003,ra75xih
1609985381,7.3,vw19bdy
1600104369,2.6,ov37vdm
1610774560,5.7,ea21hlc
1606443854,8.5,mh78ife
1603933484,8.7,ld78hkb
1606028302,3.2,al91psm
1610509491,3.6,gc60vbp
1604511285,0.1,vw19bdy
1603021228,8.0,gc60vbp
1610736008,4.7,yq34cba
1614358717,2.5000000000000004,nc15pqm
1616829612,4.2,oj36aei
1612273410,7.1,vs72pks
1614894628,7.1,ya76zaf
1606573647,3.1,go97oue
1607783064,7.8,ij09uzl
1604165593,6.7,po57sqt
1616770426,9.6,gc60vbp
1607675009,10.5,ld78hkb
1615876105,5.6,vw19bdy
1616771726,0.6,lt74twe
1611079896,10.5,hy09gpc
1612439268,3.3000000000000003,cl54pgs
1602234356,10.9,ra75xih
1599377507,6.0,cl54pgs
1605268017,3.3000000000000003,ij09uzl
1604346762,8.8,ld78hkb
1601104807,4.2,gt89ltp
1615130935,3.6,ea21hlc
1605564605,8.5,mw01sfh
1609791674,5.1,qf08ejm
1614400323,6.5,al91psm
1605018759,9.700000000000001,po57sqt
1598935215,2.0,ra75xih
1609952214,10.4,fk41yso
1600906275,6.9,po57sqt
1611243299,1.8000000000000003,uc78smr
1599435236,2.1,nc15pqm
1602709875,7.7,co78pzt
1612457355,8.1,fk41yso
1600532035,5.7,so31fnc
1603084482,4.3999999999999995,po57sqt
1615113138,6.6,cv41vfn
1614182461,3.7,ij09uzl
1616170919,2.9000000000000004,so31fnc
1614877168,5.6,lt74twe
1601066887,4.3999999999999995,ij09uzl
1600317979,10.9,po57sqt
1616988790,7.8,ov37vdm
1613509961,9.1,ya76zaf
1616447569,3.2,dn05ezt
1607488712,7.2,ma46doz
1612142370,5.0,ch86uix
1612982367,3.8000000000000003,ma46doz
1606086600,8.5,co78pzt
1602303545,9.9,so31fnc
1603821197,2.6,hy09gpc
1614051463,2.9000000000000004,uf73hot
1603673910,9.8,yz05txs
1614762641,3.5000000000000004,sl42guc
1601683384,4.5,so31fnc
1609837074,4.1,vs72pks
1613574770,0.8,ds63tnu
1605297104,2.7,yq34cba
1600860229,10.0,oj36aei
1599980918,1.8000000000000003,ya76zaf
1600005943,0.7000000000000001,ya76zaf
1605966780,2.2,ra75xih
1600184811,6.1,et65pcg
1603495141,9.0,gt89ltp
1602391894,10.200000000000001,ij09uzl
1614480235,7.7,xz47nbh
1617095553,8.6,ch86uix
1601581527,0.9,fk41yso
1607607177,10.9,zr84bsn
1615593677,9.4,gt89ltp
1607346848,1.0,xz47nbh
1612459245,4.7,uc78smr
1606584724,7.5,gt89ltp
1604992344,5.8,tu40nkm
1609495804,9.0,nw04yrv
1606372944,4.7,hm27lws
1609377662,7.9,ds63tnu
1611912027,4.2,xc47mjc
1601664577,10.200000000000001,ma46doz
1599377104,5.3,tu40nkm
1603804603,10.1,ds63tnu
1601033439,1.5000000000000002,ya76zaf
1599252192,1.1,vw19bdy
1614813382,5.6,ad63qeu
1616430579,4.5,dn05ezt
1611773635,11.0,xc47mjc
1604457700,7.1,cv41vfn
1609699936,5.2,dn05ezt
1614870946,1.5000000000000002,po57sqt
1613910293,10.5,hy09gpc
1605270263,3.3000000000000003,wl30fow
1603728781,4.7,sl42guc
1600755167,1.2000000000000002,ra75xih
1612297423,1.9000000000000001,zr84bsn
1614605855,7.4,mh78ife
1604719598,8.1,po57sqt
1611548175,0.5,po57sqt
1607315679,1.5000000000000002,ij09uzl
1610039674,2.8000000000000003,sw94zvt
1605156011,8.9,gm16pst
1611151093,10.6,vw19bdy
1610697410,5.8,xc47mjc
1601855568,8.6,lt74twe
1605465966,3.0000000000000004,gc60vbp
1601388951,8.0,nc15pqm
1602174821,3.4000000000000004,al91psm
1611781669,2.6,ma46doz
1611231437,8.2,gt89ltp
1604540661,4.9,ld78hkb
1609789714,0.2,uc78smr
1615388382,0.7000000000000001,al91psm
1613163019,10.5,vs72pks
1613226711,10.700000000000001,ad63qeu
1605121128,9.8,hm27lws
1603574231,2.9000000000000004,po57sqt
1600866790,5.2,fk41yso
1600682409,7.2,ma46doz
1603445886,3.4000000000000004,mh78ife
1603105915,8.9,gc60vbp
1600231223,4.2,so31fnc
1615785828,0.5,hy09gpc
1608678262,5.0,uc78smr
1613491085,4.5,hy09gpc
1615998615,3.3000000000000003,ma46doz
1615356752,10.1,hy09gpc
1599497167,4.1,yz05txs
1600434773,0.4,nq89qzh
1600747403,0.9,mw01sfh
1609295521,0.1,ds63tnu
1613675771,9.0,et65pcg
1602311882,5.8,cl54pgs
1606283720,4.2,ch86uix
1610085376,3.2,qf08ejm
1606842235,10.3,gt89ltp
1615075562,5.9,wl30fow
1600544055,9.8,ds63tnu
1613292406,1.3000000000000003,tu40nkm
1599732945,10.700000000000001,vs72pks
1607412805,3.1,ma46doz
1600806977,4.5,ds63tnu
1608980200,8.0,xz47nbh
1615825553,4.7,fk41yso
1602653519,9.6,xz47nbh
1605886067,7.9,ra75xih
1600480167,2.5000000000000004,yq34cba
1615532334,5.7,cl54pgs
1605004561,8.1,nw04yrv
1600805112,3.2,nc15pqm
1611059473,5.5,mw01sfh
1611664659,3.7,et65pcg
1613345989,4.3999999999999995,xz47nbh
1612485118,5.4,co78pzt
1613879342,2.3000000000000003,xc47mjc
1611168510,0.7000000000000001,rw21kiz
1605044650,7.8,dn05ezt
1614116178,9.0,vw19bdy
1605524704,2.6,rw21kiz
1604377514,5.0,go97oue
1603105400,1.9000000000000001,xc47mjc
1605591536,2.9000000000000004,mw01sfh
1615270937,3.1,nw04yrv
1601000761,9.4,zr84bsn
1613739284,1.7000000000000002,ea21hlc
1607535834,8.4,wl30fow
1605391105,9.9,yz05txs
1615375020,2.1,co78pzt
1611572698,0.5,co78pzt
1611509526,10.9,ea21hlc
1609206589,7.8,et65pcg
1600229215,6.4,ij09uzl
1601551863,2.7,sl42guc
1606290540,5.5,al91psm
1607681540,4.0,sl42guc
1611012415,3.9000000000000004,uc78smr
1603200354,7.0,rw21kiz
1607254822,5.0,xz47nbh
1611806555,9.8,fk41yso
1606059816,9.700000000000001,nq89qzh
1603787874,10.6,ad63qeu
1610109627,0.8,so31fnc
1605914425,3.2,vs72pks
1608369652,11.0,gm16pst
1603049172,3.0000000000000004,gm16pst
1603046819,2.3000000000000003,uf73hot
1613234628,3.1,hy09gpc
1612986183,9.6,yq34cba
1612620813,3.8000000000000003,tu40nkm
1601595683,2.4000000000000004,cv41vfn
1611786427,1.5000000000000002,dn05ezt
1608513091,4.5,mh78ife
1615655555,9.1,vs72pks
1605020454,3.2,ld78hkb
1599474645,9.5,vw19bdy
1611238346,1.2000000000000002,ea21hlc
1606435301,4.0,ea21hlc
1612073248,4.7,lt74twe
1605889683,9.3,et65pcg
1608977130,10.700000000000001,dn05ezt
1608433408,1.1,et65pcg
1599158746,2.9000000000000004,ad63qeu
1604452931,2.2,ij09uzl
1608410027,0.8,fp30cuj
1606937387,4.8,ch86uix
1612797769,0.6,vw19bdy
1606947541,5.3,cv41vfn
1602254438,6.8,al91psm
1609417684,5.3,gm16pst
1611877219,4.3999999999999995,ya76zaf
1610470800,10.9,vs72pks
1611923165,6.9,yq34cba
1616164076,9.8,mw01sfh
1615170227,2.9000000000000004,zr84bsn
1612082073,0.2,xw05opi
1615229153,2.2,uc78smr
1599011022,3.2,gc60vbp
1615094569,5.9,cv41vfn
1603484643,3.9000000000000004,dn05ezt
1608629689,9.4,nq89qzh
1613786919,1.5000000000000002,gm16pst
1603071764,2.5000000000000004,yz05txs
1610201150,4.9,gc60vbp
1606333298,4.3,ov37vdm
1608810434,7.5,dn05ezt
1602176383,4.7,vw19bdy
1610068032,9.700000000000001,cv41vfn
1606671543,2.0,ov37vdm
1607718863,1.1,al91psm
1616141587,1.9000000000000001,fk41yso
1607466308,10.6,oj36aei
1610971186,1.0,ra75xih
1599836390,1.8000000000000003,co78pzt
1615035015,8.7,sl42guc
1605757061,7.5,go97oue
1603128151,0.4,gt89ltp
1615935301,4.5,xw05opi
1616886785,6.9,ij09uzl
1603614564,7.7,so31fnc
1605138029,9.6,nw04yrv
1605071475,1.4000000000000001,zr84bsn
1611495620,5.5,rw21kiz
1606881964,8.9,yq34cba
1601066766,3.9000000000000004,fp30cuj
1609150341,0.1,tu40nkm
1606856510,2.3000000000000003,so31fnc
1603775625,3.5000000000000004,co78pzt
1613036520,2.9000000000000004,uc78smr
1611846840,10.3,nq89qzh
1616856489,10.0,gc60vbp
1607532340,5.5,ld78hkb
1598963284,6.0,ov37vdm
1610309433,8.0,nc15pqm
1611468667,10.0,go97oue
1602611207,4.2,mh78ife
1604231669,3.0000000000000004,yq34cba
1610901533,8.6,so31fnc
1608486778,0.9,br04psh
1605809980,1.4000000000000001,wl30fow
1610440690,3.1,cv41vfn
1613301080,0.9,hy09gpc
1612298375,2.9000000000000004,gt89ltp
1600145574,10.8,rw21kiz
1608204767,3.2,wl30fow
1614292138,0.7000000000000001,oj36aei
1607065098,2.9000000000000004,ad63qeu
1600451081,6.8,yq34cba
1606544442,6.3,hm27lws
1612695282,6.2,ad63qeu
1606001815,2.1,po57sqt
1600109087,3.8000000000000003,hy09gpc
1601061858,7.8,ad63qeu
1616903509,0.8,xc47mjc
1612692051,1.0,qf08ejm
1611694385,9.2,lt74twe
1602603923,2.0,lt74twe
1602454967,5.9,yq34cba
1605653130,7.7,dn05ezt
1612690822,6.2,hy09gpc
1600335266,10.5,lt74twe
1610210055,9.0,xc47mjc
1612225987,8.7,lt74twe
1614725006,5.9,mh78ife
1610694554,8.9,go97oue
1613123501,6.8,fp30cuj
1602894745,2.7,uc78smr
1609919230,5.8,gc60vbp
1615009249,9.0,sw94zvt
1600861659,6.8,mh78ife
1602203921,4.3,nw04yrv
1613454169,2.8000000000000003,ra75xih
1603370259,1.2000000000000002,gm16pst
1599421955,8.6,ov37vdm
1614477348,4.8,xz47nbh
1599450218,5.3,yz05txs
1599935542,8.8,nq89qzh
1601941360,5.1,wl30fow
1603158931,7.0,tu40nkm
1612975614,4.0,ld78hkb
1602789779,10.3,fp30cuj
1603984096,7.5,cl54pgs
1599029295,10.0,hy09gpc
1602215808,3.4000000000000004,yq34cba
1604703920,1.5000000000000002,cl54pgs
1604422739,4.1,gm16pst
1599519250,9.700000000000001,qf08ejm
1613763974,5.8,vw19bdy
1615260690,7.6,sw94zvt
1610111220,8.4,ea21hlc
1611790995,5.2,ov37vdm
1609115061,4.8,ds63tnu
1602734441,2.6,qf08ejm
1614129547,4.8,po57sqt
1601920205,9.6,ds63tnu
1600497762,8.6,go97oue
1600161450,10.9,sl42guc
1608561538,9.4,rw21kiz
1612572442,8.9,uf73hot
1614546358,9.2,ad63qeu
1610663646,8.9,hy09gpc
1604193441,5.3,br04psh
1610315788,2.0,go97oue
1605923414,3.2,ad63qeu
1601161572,5.6,ds63tnu
1610993807,8.5,yz05txs
1616828574,4.6,xc47mjc
1609347523,8.9,ov37vdm
1604066930,3.1,yz05txs
1598949940,7.7,al91psm
1607252175,10.6,uf73hot
1601702180,6.3,hy09gpc
1611187698,6.9,ra75xih
1607314421,2.8000000000000003,xw05opi
1606920168,10.6,vs72pks
1606170398,8.3,fk41yso
1607562509,10.1,ad63qeu
1611411246,4.7,ya76zaf
1611077088,5.5,mw01sfh
1602567885,4.5,ld78hkb
1612909383,3.0000000000000004,ij09uzl
1603722148,5.8,sl42guc
1615405360,0.5,zr84bsn
1609344913,1.3000000000000003,ij09uzl
1604153433,7.4,po57sqt
1602936122,1.9000000000000001,qf08ejm
1608354286,1.6,sw94zvt
1600881649,10.5,mh78ife
1606012871,6.8,et65pcg
1610790879,5.9,br04psh
1617113046,7.3,ra75xih
1599641317,3.0000000000000004,gc60vbp
1614852118,8.1,hm27lws
1601305085,0.1,oj36aei
1605782306,6.7,fk41yso
1616398397,2.5000000000000004,fk41yso
1599519477,1.8000000000000003,hm27lws
1610823503,2.5000000000000004,br04psh
1615525928,8.9,ld78hkb
1611221262,1.0,br04psh
1604591426,8.0,tu40nkm
1605448167,5.2,rw21kiz
1610227179,0.4,oj36aei
1602834947,2.0,gt89ltp
1612787152,6.8,mw01sfh
1599734332,8.2,xw05opi
1613930589,2.1,co78pzt
1604151954,9.3,cv41vfn
1612107389,8.4,uf73hot
1609933548,1.0,nq89qzh
1600691414,4.5,ch86uix
1609946101,3.3000000000000003,yq34cba
1600189276,9.6,so31fnc
1605072818,10.200000000000001,fk41yso
1601011310,0.9,br04psh
1599797663,1.0,vs72pks
1610657172,2.9000000000000004,cl54pgs
1605131919,7.4,vs72pks
1604367250,3.0000000000000004,br04psh
1612301012,3.1,oj36aei
1605106833,5.5,gc60vbp
1607908274,3.8000000000000003,mw01sfh
1599398940,4.3999999999999995,nw04yrv
1605971053,5.1,nw04yrv
1603453242,9.0,cv41vfn
1608782423,10.9,po57sqt
1601636424,0.2,ma46doz
1599020051,5.6,gc60vbp
1605051557,11.0,sl42guc
1616136382,4.3,rw21kiz
1607053895,9.3,hm27lws
1602340621,5.8,et65pcg
1608814262,4.3999999999999995,ld78hkb
1614641056,3.3000000000000003,uc78smr
1612557817,2.1,et65pcg
1603495317,4.6,oj36aei
1603279980,1.1,xw05opi
1616032871,8.9,nw04yrv
1603962718,4.7,yz05txs
1615148458,1.1,ov37vdm
1601307402,8.2,lt74twe
1604761208,2.1,sl42guc
1602127281,7.2,gm16pst
1600355740,4.2,ld78hkb
1610007445,6.2,uf73hot
1612053764,9.8,yz05txs
1600489166,10.6,fp30cuj
1607779768,9.8,fp30cuj
1601662913,1.0,uf73hot
1609168656,2.1,cl54pgs
1606460083,9.700000000000001,uc78smr
1603649329,6.5,ch86uix
1608806816,6.3,cl54pgs
1610296862,5.8,oj36aei
1603172508,10.1,xz47nbh
1599235485,1.1,ov37vdm
1609606993,3.5000000000000004,ad63qeu
1608663005,0.5,ad63qeu
1613123752,5.3,po57sqt
1602568730,5.3,xz47nbh
1601321698,0.9,cl54pgs
1609578231,2.8000000000000003,cl54pgs
1598950788,2.7,ad63qeu
1615118339,9.1,ad63qeu
1613875936,0.9,yq34cba
1610709071,5.4,gt89ltp
1609393416,10.8,ra75xih
1603797879,4.2,gm16pst
1616281762,9.2,ld78hkb
1611597845,8.6,wl30fow
1612924608,10.1,yz05txs
1612060798,2.9000000000000004,br04psh
1602243118,9.3,ea21hlc
1602800038,10.8,nq89qzh
1608608531,5.9,nc15pqm
1610342136,10.8,co78pzt
1604085795,5.8,uc78smr
1606365246,6.7,ij09uzl
1615839645,0.4,ch86uix
1601439853,5.2,al91psm
1611980757,5.1,vw19bdy
1607459292,8.0,ov37vdm
1605232211,9.1,ya76zaf
1607529137,1.7000000000000002,sw94zvt
1610873673,9.4,rw21kiz
1607850041,6.8,nq89qzh
1614510582,9.8,xc47mjc
1608390454,10.6,hy09gpc
1602585756,7.9,nc15pqm
1601236893,10.700000000000001,zr84bsn
1613737323,2.1,rw21kiz
1613335426,3.3000000000000003,po57sqt
1603152412,2.5000000000000004,xc47mjc
1603057811,0.5,sw94zvt
1606031830,3.4000000000000004,cv41vfn
1610101758,0.8,xz47nbh
1600225461,3.0000000000000004,gm16pst
1617072092,4.3999999999999995,br04psh
1610428525,2.4000000000000004,yq34cba
1613551757,2.3000000000000003,ad63qeu
1602289959,5.6,yq34cba
1614675174,6.5,nq89qzh
1611890485,1.9000000000000001,yz05txs
1607910078,7.9,ov37vdm
1602853503,5.0,ma46doz
1600835869,3.7,mw01sfh
1599129716,0.8,so31fnc
1604102650,10.6,vs72pks
1604623938,3.1,co78pzt
1615478755,3.9000000000000004,vw19bdy
1606181894,3.0000000000000004,ya76zaf
1610509813,2.8000000000000003,ld78hkb
1610518768,10.4,gc60vbp
1612783935,7.8,et65pcg
1610644147,10.700000000000001,ra75xih
1606831233,3.3000000000000003,fk41yso
1615005368,3.9000000000000004,et65pcg
1605085128,9.700000000000001,ds63tnu
1600503171,8.1,mw01sfh
1600895710,1.0,zr84bsn
1603954306,3.5000000000000004,rw21kiz
1614464480,1.9000000000000001,et65pcg
1615747814,10.3,ij09uzl
1605286981,4.8,oj36aei
1605219588,0.1,uf73hot
1612901191,10.8,sw94zvt
1599157956,10.9,ea21hlc
1611328678,11.0,ch86uix
1609855124,4.6,ld78hkb
1604614028,7.4,ij09uzl
1607543081,2.2,gc60vbp
1606206334,3.5000000000000004,gt89ltp
1603569547,6.2,nc15pqm
1613598969,1.6,qf08ejm
1616372471,10.200000000000001,nc15pqm
1606313816,4.9,ch86uix
1616790065,10.6,yz05txs
1616359417,10.9,nq89qzh
1604665575,2.4000000000000004,nc15pqm
1609090280,7.5,ea21hlc
1617091970,4.0,vs72pks
1613339394,6.3,al91psm
1610554543,0.9,lt74twe
1613592020,3.8000000000000003,vw19bdy
1605050253,0.6,uf73hot
1613590141,5.1,br04psh
1603319498,2.2,lt74twe
1599008426,9.6,uc78smr
1616257427,8.6,fk41yso
1599233026,0.9,yz05txs
1610150977,10.1,xw05opi
1606228533,4.8,hm27lws
1604327373,5.6,oj36aei
1609256068,9.5,mw01sfh
1608012819,4.3,yz05txs
1599872459,5.4,zr84bsn
1601407793,10.3,br04psh
1601789823,10.6,ch86uix
1615129920,1.1,al91psm
1610596237,1.2000000000000002,wl30fow
1610537086,8.8,ad63qeu
1610419912,6.2,uc78smr
1602486637,8.3,dn05ezt
1607540027,9.1,gm16pst
1614081561,10.9,fp30cuj
1604610788,7.9,ld78hkb
1614966352,10.700000000000001,gc60vbp
1613742912,6.6,wl30fow
1613912756,5.2,ya76zaf
1605021643,3.1,et65pcg
1611414545,5.4,ch86uix
1604811393,2.1,mh78ife
1603766247,0.7000000000000001,ma46doz
1610290321,4.5,uf73hot
1599429300,1.5000000000000002,rw21kiz
1610890760,9.4,co78pzt
1608878862,9.1,gt89ltp
1600024224,2.8000000000000003,ma46doz
1602835973,7.4,qf08ejm
1602739065,9.3,vs72pks
1600370041,4.8,gm16pst
1610138497,5.8,hm27lws
1615286808,9.9,qf08ejm
1600305681,2.4000000000000004,lt74twe
1604881082,1.6,br04psh
1617063043,1.1,nc15pqm
1610136716,8.2,ds63tnu
1615573699,3.5000000000000004,sl42guc
1610887423,9.6,cl54pgs
1614681673,2.8000000000000003,sl42guc
1600979193,0.8,et65pcg
1609100052,8.8,xc47mjc
1604181482,7.8,uc78smr
1604553802,7.6,po57sqt
1609913344,2.2,gt89ltp
1606011243,1.9000000000000001,wl30fow
1612474073,8.5,dn05ezt
1608170101,7.3,ld78hkb
1612317694,1.3000000000000003,zr84bsn
1601995941,4.2,co78pzt
1608412429,3.0000000000000004,hm27lws
1602989229,9.0,co78pzt
1607580949,2.0,tu40nkm
1604152638,9.1,xc47mjc
1603976646,9.0,qf08ejm
1607927411,0.30000000000000004,sw94zvt
1608170643,9.700000000000001,cv41vfn
1614007908,2.9000000000000004,et65pcg
1613959209,2.9000000000000004,ya76zaf
1599265396,7.8,br04psh
1607935930,3.0000000000000004,vs72pks
1612373547,8.9,ra75xih
1607722058,0.7000000000000001,gc60vbp
1600829558,5.6,so31fnc
1602148364,10.700000000000001,uc78smr
1613811258,9.4,vs72pks
1602087852,9.1,xz47nbh
1606435922,2.3000000000000003,dn05ezt
1607184668,4.1,nc15pqm
1602028489,4.1,xc47mjc
1616607609,0.2,nq89qzh
1610173945,2.4000000000000004,nc15pqm
1612185274,9.2,xz47nbh
1617078485,9.1,oj36aei
1600434949,7.6,oj36aei
1614033795,7.9,ch86uix
1606737522,2.1,so31fnc
1600237201,5.5,yq34cba
1600250887,7.8,al91psm
1604062292,5.7,ds63tnu
1611080378,1.3000000000000003,mw01sfh
1604596290,9.8,ij09uzl
1603539706,11.0,mh78ife
1613102378,10.1,br04psh
1610668144,9.0,go97oue
1612667962,3.7,fk41yso
1607701383,5.3,zr84bsn
1601175328,4.3,nc15pqm
1599251636,9.3,uf73hot
1614509950,4.9,wl30fow
1609334282,11.0,gc60vbp
1599493676,0.6,ma46doz
1604777938,9.0,ea21hlc
1602132989,9.2,mh78ife
1603939752,8.8,cv41vfn
1599657358,5.7,nw04yrv
1607731075,10.9,nq89qzh
1613474062,8.0,mh78ife
1611661201,7.3,sl42guc
1602119148,5.7,sw94zvt
1599657493,5.1,ya76zaf
1602728165,1.8000000000000003,nq89qzh
1615432699,4.3,gt89ltp
1613849866,7.0,mw01sfh
1606291176,3.6,nw04yrv
1606996655,9.2,sl42guc
1614195616,2.3000000000000003,sw94zvt
1604556692,8.3,gc60vbp
1610499186,5.7,mh78ife
1609565694,8.2,fp30cuj
1610921209,9.3,xc47mjc
1613218738,7.4,po57sqt
1606324266,9.700000000000001,hy09gpc
1608314756,1.1,vw19bdy
1605277567,3.3000000000000003,yq34cba
1606396142,4.2,fk41yso
1605986844,2.7,po57sqt
1608941117,10.4,sl42guc
1610511430,9.3,gm16pst
1616681884,9.3,dn05ezt
1605310539,0.7000000000000001,fk41yso
1602221383,1.0,vs72pks
1602818025,3.4000000000000004,et65pcg
1602739141,10.5,gc60vbp
1612252893,1.9000000000000001,gt89ltp
1602148714,4.1,wl30fow
1613158244,1.2000000000000002,yz05txs
1615305132,6.6,ad63qeu
1614204313,0.9,wl30fow
1604415922,1.0,zr84bsn
1612733363,10.1,xc47mjc
1610295492,1.1,gt89ltp
1617089859,1.1,nw04yrv
1612808339,5.3,gm16pst
1616068008,3.2,po57sqt
1611408383,6.4,vs72pks
1613869749,5.4,uc78smr
1603059865,7.8,go97oue
1605169229,3.0000000000000004,mw01sfh
1603018420,8.7,ma46doz
1616601047,8.8,ch86uix
1601154352,10.0,lt74twe
1602835558,5.8,nq89qzh
1608530022,0.30000000000000004,ma46doz
1599974567,8.6,hm27lws
1606155862,10.1,yq34cba
1603245055,6.9,wl30fow
1604208558,7.1,sl42guc
1616933887,1.0,cl54pgs
1607730903,8.0,vs72pks
1605569957,1.0,gm16pst
1600244137,3.5000000000000004,ma46doz
1609806919,6.6,zr84bsn
1603723836,3.7,ad63qeu
1612073775,6.9,xc47mjc
1605712687,3.8000000000000003,vs72pks
1603232407,8.1,fk41yso
1616275464,5.8,sw94zvt
1606502786,5.7,yz05txs
1611198263,7.6,nc15pqm
1610926405,1.8000000000000003,uf73hot
1615922670,2.9000000000000004,fk41yso
1610386301,0.9,po57sqt
1609918971,6.3,xw05opi
1614897099,6.9,ch86uix
1606713199,4.8,nw04yrv
1610694956,7.3,ds63tnu
1611927773,1.3000000000000003,nw04yrv
1609843751,3.9000000000000004,uc78smr
1606123915,10.200000000000001,ch86uix
1610138828,1.6,nq89qzh
1603043337,0.2,sw94zvt
1613460529,9.0,rw21kiz
1614242817,10.3,xw05opi
1609315758,10.5,xz47nbh
1612215658,0.8,wl30fow
1616906707,10.5,ma46doz
1602288141,6.0,xw05opi
1601337104,3.7,vw19bdy
1605265088,10.200000000000001,br04psh
1600694995,1.2000000000000002,zr84bsn
1611074434,4.7,mh78ife
1610564289,2.1,nw04yrv
1602858366,4.3999999999999995,nq89qzh
1616522983,7.0,xz47nbh
1599785762,8.2,gm16pst
1605222323,5.5,mw01sfh
1616981677,5.1,wl30fow
1608958604,4.3,tu40nkm
1606220312,2.3000000000000003,hm27lws
1605024961,0.7000000000000001,ij09uzl
1599736955,8.6,br04psh
1601675108,9.9,oj36aei
1606829750,5.6,gc60vbp
1615373971,4.3999999999999995,ch86uix
1606352551,3.0000000000000004,hm27lws
1602949198,0.1,et65pcg
1608173338,0.7000000000000001,ad63qeu
1600865513,6.6,ds63tnu
1616393826,3.0000000000000004,xz47nbh
1611549611,5.8,nq89qzh
1617015686,5.5,nc15pqm
1610090849,10.5,gm16pst
1608825642,10.6,ch86uix
1615708121,7.4,hy09gpc
1616985274,3.9000000000000004,fk41yso
1611203341,8.5,yz05txs
1612732346,6.6,hm27lws
1612009550,5.7,yz05txs
1614367289,5.0,co78pzt
1613719751,0.4,xz47nbh
1613854148,0.1,ra75xih
1611202238,2.9000000000000004,ad63qeu
1607106778,0.1,yz05txs
1604209661,3.5000000000000004,rw21kiz
1601191772,8.1,vs72pks
1606746895,10.9,ij09uzl
1612564173,9.2,xw05opi
1614232225,8.1,yz05txs
1613573091,0.30000000000000004,rw21kiz
1606858219,2.6,dn05ezt
1607641767,5.7,nc15pqm
1606872101,8.9,fk41yso
1605222414,7.7,ma46doz
1611369575,7.9,yz05txs
1606905882,7.6,uf73hot
1601437290,10.6,br04psh
1606789502,5.7,al91psm
1601601372,9.700000000000001,al91psm
1602142009,0.9,nc15pqm
1599102734,9.700000000000001,ld78hkb
1614852978,8.2,gt89ltp
1599088732,7.3,br04psh
1615410388,9.1,co78pzt
1605234341,1.6,uc78smr
1616251814,8.4,qf08ejm
1605040124,11.0,mw01sfh
1603899076,2.9000000000000004,ad63qeu
1605012745,7.8,xc47mjc
1614971192,6.0,ma46doz
1606284787,1.0,dn05ezt
1608041709,1.6,nw04yrv
1602634693,5.6,po57sqt
1607174759,9.1,tu40nkm
1614973005,0.8,hy09gpc
1605304051,1.1,fp30cuj
1604254017,11.0,xw05opi
1614721736,2.9000000000000004,ad63qeu
1616337796,8.8,hm27lws
1603886395,8.4,lt74twe
1616032089,0.9,ad63qeu
1610659064,0.4,yz05txs
1609185421,1.3000000000000003,fk41yso
1612718019,9.3,hm27lws
1601756564,2.8000000000000003,yq34cba
1612442723,5.0,al91psm
1617125040,2.9000000000000004,sl42guc
1613133092,6.9,yz05txs
1613793630,6.2,ch86uix
1599075660,2.0,cv41vfn
1606743013,1.3000000000000003,wl30fow
1615386736,3.7,ch86uix
1612423383,9.0,uc78smr
1605308588,6.5,ij09uzl
1605365426,5.4,wl30fow
1610870045,7.4,rw21kiz
1606297708,7.6,gt89ltp
1606804666,4.7,br04psh
1602374012,2.8000000000000003,nq89qzh
1601015309,0.30000000000000004,po57sqt
1613495293,11.0,hm27lws
1601789632,7.7,cl54pgs
1611485769,2.2,ld78hkb
1613907663,9.3,dn05ezt
1615001051,9.3,ma46doz
1606240802,5.9,mh78ife
1609529256,3.7,vw19bdy
1603594569,6.8,sl42guc
1603273935,3.4000000000000004,so31fnc
1606664055,5.4,fk41yso
1606009555,0.4,ch86uix
1602948305,8.9,sw94zvt
1615409906,8.5,ma46doz
1611374369,0.30000000000000004,mw01sfh
1614590924,9.4,po57sqt
1612358390,6.1,xz47nbh
1602576798,2.4000000000000004,sl42guc
1606390747,5.7,fp30cuj
1599054372,4.1,ds63tnu
1601093171,3.4000000000000004,cv41vfn
1602741053,0.8,tu40nkm
1599578197,5.4,ov37vdm
1608336939,9.9,ov37vdm
1614365990,5.0,nq89qzh
1610197985,7.1,rw21kiz
1612075154,8.3,fp30cuj
1601624302,10.3,mw01sfh
1605288864,9.700000000000001,nc15pqm
1616520397,4.1,oj36aei
1617090870,5.1,ij09uzl
1604460964,9.8,gt89ltp
1607004903,8.1,ra75xih
1608543740,6.0,yz05txs
1611287899,0.1,vw19bdy
1609850908,7.4,xw05opi
1614323727,4.0,xw05opi
1605943614,5.0,vw19bdy
1610097499,7.1,zr84bsn
1613172704,9.0,ch86uix
1601933828,7.3,wl30fow
1613620741,3.9000000000000004,gc60vbp
1600267974,0.7000000000000001,go97oue
1616996363,8.3,uf73hot
1603464032,7.9,ma46doz
1599862368,6.3,ya76zaf
1607941797,3.1,ma46doz
1605388058,2.9000000000000004,uf73hot
1600982787,10.700000000000001,ya76zaf
1601532573,0.6,gm16pst
1615882028,3.8000000000000003,ad63qeu
1600678437,7.4,qf08ejm
1600652762,7.0,fp30cuj
1615349001,10.0,ds63tnu
1612472104,3.5000000000000004,gc60vbp
1599910501,4.6,dn05ezt
1605377613,10.3,cl54pgs
1604383342,10.5,cl54pgs
1606100572,3.8000000000000003,ad63qeu
1605122115,0.4,mw01sfh
1610562805,0.1,fk41yso
1615053325,4.8,gc60vbp
1598944014,8.5,hm27lws
1602817899,1.0,oj36aei
1607765399,5.2,uc78smr
1613764872,1.1,fk41yso
1613277917,3.8000000000000003,mh78ife
1605133651,0.1,uc78smr
1603617461,4.3,ea21hlc
1605659105,5.0,so31fnc
1606036199,0.2,ad63qeu
1606232171,4.6,lt74twe
1604352059,10.0,sl42guc
1611696634,6.6,ya76zaf
1614354895,4.2,rw21kiz
1600794006,0.9,cv41vfn
1615934031,4.5,nw04yrv
1608131728,8.9,qf08ejm
1601237691,0.7000000000000001,gc60vbp
1607182674,8.7,rw21kiz
1602182388,8.7,ds63tnu
1606250765,5.7,hm27lws
1615162721,2.0,sl42guc
1611676009,2.4000000000000004,al91psm
1602997986,4.8,ma46doz
1616661769,5.1,et65pcg
1611282806,7.3,so31fnc
1599397569,9.0,so31fnc
1612503064,7.0,ad63qeu
1612284578,5.9,go97oue
1609099313,10.0,lt74twe
1614494075,3.1,nc15pqm
1609592147,8.0,lt74twe
1610848504,8.1,nc15pqm
1614831524,9.4,nw04yrv
1616754561,5.8,rw21kiz
1615360164,8.2,ea21hlc
1599260502,10.9,ds63tnu
1603531619,9.9,hm27lws
1606002048,4.3,uc78smr
1606752799,0.9,et65pcg
1599681135,4.3,xz47nbh
1613077432,3.2,ds63tnu
1614250810,6.6,gm16pst
1615895105,8.1,po57sqt
1600970295,6.7,oj36aei
1612641449,1.5000000000000002,br04psh
1614257749,5.2,ea21hlc
1612995577,9.4,mh78ife
1602543725,0.30000000000000004,vs72pks
1611850435,3.1,ma46doz
1604576795,0.9,cv41vfn
1609747285,10.6,al91psm
1603234267,1.6,nw04yrv
1606927007,2.8000000000000003,xz47nbh
1604799112,9.0,mh78ife
1609791756,2.6,hy09gpc
1607864184,6.0,fk41yso
1612973792,6.4,ij09uzl
1603207007,5.0,uf73hot
1599737460,0.8,al91psm
1612446378,8.9,vs72pks
1613724923,0.7000000000000001,ov37vdm
1598999087,9.2,ov37vdm
1605727924,2.5000000000000004,vs72pks
1600101427,2.0,vw19bdy
1606025838,2.4000000000000004,ov37vdm
1601015913,9.3,lt74twe
1602060176,3.0000000000000004,vw19bdy
1611077315,10.5,sw94zvt
1606962773,4.7,gc60vbp
1610293680,6.2,ea21hlc
1601501997,5.1,gt89ltp
1603519842,4.9,wl30fow
1604002591,5.5,xc47mjc
1607104690,6.7,yq34cba
1613031593,7.7,sw94zvt
1614445532,1.4000000000000001,co78pzt
1603835564,10.8,wl30fow
1605993721,8.8,ch86uix
1607711918,4.2,gt89ltp
1601789864,3.8000000000000003,hm27lws
1610886378,1.2000000000000002,sw94zvt
1615903711,5.9,fk41yso
1599326148,10.4,gt89ltp
1609918389,1.5000000000000002,fk41yso
1612213214,2.4000000000000004,qf08ejm
1608369564,3.5000000000000004,tu40nkm
1610462839,1.2000000000000002,hm27lws
1603655650,8.6,gc60vbp
1602533665,8.2,go97oue
1602016655,0.8,wl30fow
1614659815,8.4,ya76zaf
1609283467,7.7,hy09gpc
1614865386,9.6,lt74twe
1613268448,9.3,ra75xih
1608825147,9.3,xw05opi
1610506292,9.0,xw05opi
1606575735,2.4000000000000004,xc47mjc
1612326371,3.7,ch86uix
1613031543,1.6,xz47nbh
1603055443,5.5,mw01sfh
1616507574,7.4,yz05txs
1613326665,5.0,sl42guc
1614749482,5.8,yq34cba
1601490991,2.9000000000000004,co78pzt
1599349601,4.3999999999999995,br04psh
1607547494,1.3000000000000003,yq34cba
1610750384,6.9,ea21hlc
1614126389,3.5000000000000004,ra75xih
1613271201,4.5,qf08ejm
1605850723,7.0,hy09gpc
1602343999,4.2,ya76zaf
1599661269,1.8000000000000003,fk41yso
1599108621,1.3000000000000003,co78pzt
1600181985,3.6,yz05txs
1614119414,3.9000000000000004,ma46doz
1607696814,10.200000000000001,ds63tnu
1604895950,1.1,ea21hlc
1602707709,7.5,oj36aei
1606326344,7.9,xz47nbh
1603471256,4.9,hy09gpc
1615170791,9.8,cl54pgs
1611451644,2.4000000000000004,uc78smr
1614318234,5.0,ld78hkb
1600353044,0.2,xz47nbh
1607283598,7.8,wl30fow
1601177903,5.5,xz47nbh
1610558541,5.1,oj36aei
1606594799,4.5,vs72pks
1614375568,5.3,dn05ezt
1601452531,6.8,mw01sfh
1616438922,5.4,fp30cuj
1606377896,10.200000000000001,xz47nbh
1611843089,10.0,tu40nkm
1600465827,3.9000000000000004,cv41vfn
1599883542,7.7,co78pzt
1613185266,10.9,xw05opi
1609165699,4.3999999999999995,lt74twe
1607096732,4.3,ld78hkb
1612110001,2.9000000000000004,zr84bsn
1603223095,7.8,so31fnc
1615222587,3.2,vw19bdy
1606988128,3.8000000000000003,ea21hlc
1606920877,2.2,ij09uzl
1607712476,8.5,uc78smr
1608565312,2.1,so31fnc
1609571870,3.0000000000000004,nw04yrv
1603111771,1.1,ad63qeu
1611293225,3.6,uc78smr
1607984783,0.5,zr84bsn
1608211344,10.1,oj36aei
1608911816,1.6,sw94zvt
1599092476,5.6,xz47nbh
1601081475,9.6,wl30fow
1615481117,3.5000000000000004,sl42guc
1611845436,4.6,ov37vdm
1602525421,10.200000000000001,yq34cba
1608115386,1.3000000000000003,vw19bdy
1606012149,4.0,ea21hlc
1611942480,2.3000000000000003,ra75xih
1614566627,10.6,qf08ejm
1616612776,3.7,oj36aei
1604020512,6.3,po57sqt
1612191926,0.2,ij09uzl
1599978103,9.9,gm16pst
1613090742,5.7,ad63qeu
1611355619,3.9000000000000004,xz47nbh
1611724573,1.1,al91psm
1602540951,6.8,ra75xih
1608573165,6.6,gc60vbp
1610124389,1.7000000000000002,ij09uzl
1602758896,1.9000000000000001,mh78ife
1613877897,7.3,wl30fow
1607632137,10.4,zr84bsn
1602431553,5.6,ch86uix
1606189729,2.5000000000000004,vs72pks
1603227603,2.7,hm27lws
1606243012,0.5,ij09uzl
